{
    "parent": "item/generated",
    "textures": {
        "layer0": "item/coal"
    },	
	"overrides": [	
		{"predicate": {"custom_model_data":2046}, "model": "shaman_model/icon_ancestral_power"},
		{"predicate": {"custom_model_data":2047}, "model": "shaman_model/icon_heal_beam"},
		{"predicate": {"custom_model_data":2048}, "model": "shaman_model/icon_healing_totem"},
		{"predicate": {"custom_model_data":2049}, "model": "shaman_model/icon_light_beam"},
		{"predicate": {"custom_model_data":2050}, "model": "shaman_model/icon_self_recovery"},
		{"predicate": {"custom_model_data":2051}, "model": "shaman_model/icon_totem_form"},
		{"predicate": {"custom_model_data":2058}, "model": "archer_model/icon_backstep"},
		{"predicate": {"custom_model_data":2059}, "model": "archer_model/icon_deadly_javelin"},
		{"predicate": {"custom_model_data":2060}, "model": "archer_model/icon_dragon_piercer"},
		{"predicate": {"custom_model_data":2061}, "model": "archer_model/icon_hunters_focus"},
		{"predicate": {"custom_model_data":2062}, "model": "archer_model/icon_quick_shot"},
		{"predicate": {"custom_model_data":2063}, "model": "archer_model/icon_windrazor"},
		{"predicate": {"custom_model_data":2064}, "model": "mage_model/icon_arcane_missile"},
		{"predicate": {"custom_model_data":2065}, "model": "mage_model/icon_blink"},
		{"predicate": {"custom_model_data":2066}, "model": "mage_model/icon_fireball"},
		{"predicate": {"custom_model_data":2067}, "model": "mage_model/icon_frost_nova"},
		{"predicate": {"custom_model_data":2068}, "model": "mage_model/icon_inferno_chains"},
		{"predicate": {"custom_model_data":2069}, "model": "mage_model/icon_meteor"}
	]
}