{
    "parent": "item/handheld",
    "textures": {
        "layer0": "item/stone_sword"
    },
    "overrides": [
		{ "predicate": { "custom_model_data": 1 }, "model": "item/item/longstonesword"},
		{ "predicate": { "custom_model_data": 2 }, "model": "item/item/stonekatana"},
		{ "predicate": { "custom_model_data": 3 }, "model": "item/item/stonecrusher"},
		{ "predicate": { "custom_model_data": 4 }, "model": "item/item/stonespear"},		
		{"predicate": {"custom_model_data":2015}, "model": "shaman_model/shaman_scepter"},
		{"predicate": {"custom_model_data":2016}, "model": "shaman_model/shaman_scepter_shiny"},
		{"predicate": {"custom_model_data":2019}, "model": "archer_model/archer_bow"},
		{"predicate": {"custom_model_data":2020}, "model": "archer_model/archer_bow_shiny"},	
		{"predicate": {"custom_model_data":2021}, "model": "mage_model/mage_staff"},
		{"predicate": {"custom_model_data":2022}, "model": "mage_model/mage_staff_shiny"},
		{"predicate": {"custom_model_data":5600}, "model": "orc_model/orc_axe"},
		{"predicate": {"custom_model_data":5601}, "model": "orc_model/orc_club"},
		{"predicate": {"custom_model_data":5602}, "model": "orc_model/orc_glaive"},
		{"predicate": {"custom_model_data":57500}, "model": "rms_skeleton_models/skeleton_sword"},
		{"predicate": {"custom_model_data":57501}, "model": "rms_skeleton_models/skeleton_staff"},
		{"predicate": {"custom_model_data":57502}, "model": "rms_skeleton_models/lich_king_scythe"}
    ]
}